,emissions,emissions,qor_achieved,qor_achieved,runtime
,sum,mean,mean,min,sum
day_of_year,,,,,
1,181709.61,7571.23,0.6,0.6,24.56
2,266239.56,11093.32,0.6,0.6,22.91
3,263285.78,10970.24,0.6,0.6,22.77
4,317201.06,13216.71,0.6,0.6,23.43
5,320207.95,13342.0,0.6,0.6,22.84
6,336185.17,14007.72,0.6,0.6,23.23
7,301247.62,12551.98,0.6,0.6,19.84
8,196227.61,8176.15,0.6,0.6,23.09
9,130661.13,5444.21,0.6,0.6,22.25
10,212997.95,8874.91,0.6,0.6,22.1
11,210997.61,8791.57,0.6,0.6,22.03
12,49663.88,2069.33,0.6,0.6,22.99
13,66580.64,2774.19,0.6,0.6,22.44
14,182834.03,7618.08,0.6,0.6,20.0
15,252211.85,10508.83,0.6,0.6,24.52
16,191002.91,7958.45,0.6,0.6,23.47
17,267849.43,11160.39,0.6,0.6,25.19
18,289859.52,12077.48,0.6,0.6,30.04
19,288545.42,12022.73,0.6,0.6,28.76
20,275448.58,11477.02,0.6,0.6,29.31
21,219192.58,9133.02,0.6,0.6,25.21
22,287021.7,11959.24,0.6,0.6,28.53
23,272697.81,11362.41,0.6,0.6,28.2
24,242985.48,10124.4,0.6,0.6,29.95
25,203017.13,8459.05,0.6,0.6,27.61
26,249008.45,10375.35,0.6,0.6,28.04
27,175295.11,7303.96,0.6,0.6,29.77
28,246045.51,10251.9,0.6,0.6,24.13
29,261565.61,10898.57,0.6,0.6,27.74
30,309404.86,12891.87,0.6,0.6,27.81
31,190569.39,7940.39,0.6,0.6,29.8
32,239515.12,9979.8,0.6,0.6,26.95
33,272517.02,11354.88,0.6,0.6,29.07
34,251550.07,10481.25,0.6,0.6,28.61
35,308430.28,12851.26,0.6,0.6,24.47
36,315331.59,13138.82,0.6,0.6,27.51
37,339150.85,14131.29,0.6,0.6,28.42
38,238233.07,9926.38,0.6,0.6,27.84
39,98755.98,4114.83,0.6,0.6,29.13
40,92053.18,3835.55,0.6,0.6,27.71
41,160183.86,6674.33,0.6,0.6,28.62
42,249405.13,10391.88,0.6,0.6,24.69
43,264421.93,11017.58,0.6,0.6,27.38
44,280696.67,11695.69,0.6,0.6,27.95
45,226594.05,9441.42,0.6,0.6,29.27
46,198955.81,8289.83,0.6,0.6,28.09
47,251786.7,10491.11,0.6,0.6,28.91
48,125183.61,5215.98,0.6,0.6,27.28
49,283910.38,11829.6,0.6,0.6,25.93
50,308315.8,12846.49,0.6,0.6,27.74
51,207778.84,8657.45,0.6,0.6,28.45
52,251247.63,10468.65,0.6,0.6,27.62
53,269314.94,11221.46,0.6,0.6,28.93
54,270654.17,11277.26,0.6,0.6,27.79
55,187091.13,7795.46,0.6,0.6,28.27
56,239872.65,9994.69,0.6,0.6,25.14
57,97153.67,4048.07,0.6,0.6,27.49
58,81869.15,3411.21,0.6,0.6,28.21
59,205608.58,8567.02,0.6,0.6,27.76
60,267092.08,11128.84,0.6,0.6,29.24
61,242814.98,10117.29,0.6,0.6,28.98
62,210151.14,8756.3,0.6,0.6,28.44
63,167954.96,6998.12,0.6,0.6,25.36
64,184159.21,7673.3,0.6,0.6,26.65
65,220872.11,9203.0,0.6,0.6,28.56
66,190548.0,7939.5,0.6,0.6,27.18
67,195934.86,8163.95,0.6,0.6,28.86
68,127765.25,5323.55,0.6,0.6,27.97
69,124898.24,5204.09,0.6,0.6,29.3
70,161906.01,6746.08,0.6,0.6,24.47
71,153296.24,6387.34,0.6,0.6,27.63
72,148392.84,6183.03,0.6,0.6,28.22
73,226953.91,9456.41,0.6,0.6,29.76
74,189935.74,7913.99,0.6,0.6,26.99
75,134816.41,5617.35,0.6,0.6,28.01
76,103269.12,4302.88,0.6,0.6,28.79
77,260008.89,10833.7,0.6,0.6,25.92
78,246908.85,10287.87,0.6,0.6,27.78
79,216338.51,9014.1,0.6,0.6,28.81
80,290622.61,12109.28,0.6,0.6,29.13
81,335239.56,13968.32,0.6,0.6,27.6
82,264215.63,11008.98,0.6,0.6,29.57
83,271189.77,11299.57,0.6,0.6,28.89
84,173262.63,7219.28,0.6,0.6,24.04
85,150330.35,6263.76,0.6,0.6,28.16
86,194708.89,8112.87,0.6,0.6,27.6
87,216447.81,9018.66,0.6,0.6,28.91
88,214830.77,8951.28,0.6,0.6,28.72
89,264963.41,11040.14,0.6,0.6,28.93
90,267298.77,11137.45,0.6,0.6,28.6
91,299090.58,12462.11,0.6,0.6,24.61
92,206171.52,8590.48,0.6,0.6,27.31
93,214734.62,8947.28,0.6,0.6,28.51
94,275723.47,11488.48,0.6,0.6,28.3
95,206636.68,8609.86,0.6,0.6,28.76
96,148136.47,6172.35,0.6,0.6,27.7
97,144405.41,6016.89,0.6,0.6,27.98
98,146512.97,6104.71,0.6,0.6,24.84
99,125652.21,5235.51,0.6,0.6,27.77
100,153492.13,6395.51,0.6,0.6,30.26
101,173313.79,7221.41,0.6,0.6,28.26
102,88501.81,3687.58,0.6,0.6,29.47
103,66230.73,2759.61,0.6,0.6,31.31
104,100360.35,4181.68,0.6,0.6,30.31
105,218950.1,9122.92,0.6,0.6,26.76
106,233938.37,9747.43,0.6,0.6,32.63
107,142212.48,5925.52,0.6,0.6,32.99
108,219650.57,9152.11,0.6,0.6,34.45
109,231015.2,9625.63,0.6,0.6,36.84
110,134744.76,5614.37,0.6,0.6,36.12
111,125266.46,5219.44,0.6,0.6,36.99
112,167647.57,6985.32,0.6,0.6,33.59
113,88955.78,3706.49,0.6,0.6,35.05
114,171002.03,7125.08,0.6,0.6,39.92
115,300467.45,12519.48,0.6,0.6,38.76
116,228616.54,9525.69,0.6,0.6,38.99
117,78509.93,3271.25,0.6,0.6,39.6
118,121091.74,5045.49,0.6,0.6,38.41
119,226807.55,9450.31,0.6,0.6,33.49
120,319245.47,13301.89,0.6,0.6,36.45
121,288912.96,12038.04,0.6,0.6,38.11
122,302317.22,12596.55,0.6,0.6,40.03
123,289367.63,12056.98,0.6,0.6,37.57
124,266390.56,11099.61,0.6,0.6,38.08
125,239886.86,9995.29,0.6,0.6,39.12
126,305036.93,12709.87,0.6,0.6,33.7
127,298006.55,12416.94,0.6,0.6,36.94
128,228289.86,9512.08,0.6,0.6,36.83
129,291194.47,12133.1,0.6,0.6,37.99
130,254211.08,10592.13,0.6,0.6,37.0
131,108290.22,4512.09,0.6,0.6,38.54
132,97175.27,4048.97,0.6,0.6,36.03
133,124841.18,5201.72,0.6,0.6,33.87
134,232713.97,9696.42,0.6,0.6,35.84
135,206951.6,8622.98,0.6,0.6,35.93
136,251194.48,10466.44,0.6,0.6,37.23
137,224573.12,9357.21,0.6,0.6,37.54
138,208006.82,8666.95,0.6,0.6,36.66
139,188789.38,7866.22,0.6,0.6,36.28
140,225257.19,9385.72,0.6,0.6,32.48
141,263332.72,10972.2,0.6,0.6,37.23
142,188636.17,7859.84,0.6,0.6,35.67
143,191308.84,7971.2,0.6,0.6,37.71
144,206919.84,8621.66,0.6,0.6,37.6
145,136903.73,5704.32,0.6,0.6,36.79
146,85306.31,3554.43,0.6,0.6,37.62
147,87644.82,3651.87,0.6,0.6,32.15
148,119028.75,4959.53,0.6,0.6,36.68
149,121669.92,5069.58,0.6,0.6,36.79
150,103279.77,4303.32,0.6,0.6,36.98
151,135494.04,5645.59,0.6,0.6,35.64
152,112063.1,4669.3,0.6,0.6,37.3
153,158664.97,6611.04,0.6,0.6,35.97
154,276372.15,11515.51,0.6,0.6,33.58
155,291541.94,12147.58,0.6,0.6,35.75
156,245274.81,10219.78,0.6,0.6,36.23
157,219950.87,9164.62,0.6,0.6,37.42
158,134597.02,5608.21,0.6,0.6,36.31
159,97113.27,4046.39,0.6,0.6,37.28
160,72907.53,3037.81,0.6,0.6,37.44
161,108681.43,4528.39,0.6,0.6,32.81
162,173615.61,7233.98,0.6,0.6,28.49
163,175425.31,7309.39,0.6,0.6,27.68
164,164680.54,6861.69,0.6,0.6,28.3
165,203594.49,8483.1,0.6,0.6,29.5
166,120035.37,5001.47,0.6,0.6,28.12
167,113117.83,4713.24,0.6,0.6,28.26
168,176078.64,7336.61,0.6,0.6,25.19
169,262306.94,10929.46,0.6,0.6,29.22
170,283136.99,11797.37,0.6,0.6,27.92
171,305148.69,12714.53,0.6,0.6,28.77
172,293518.41,12229.93,0.6,0.6,29.45
173,241509.05,10062.88,0.6,0.6,28.16
174,117221.27,4884.22,0.6,0.6,28.3
175,178467.39,7436.14,0.6,0.6,26.36
176,146192.3,6091.35,0.6,0.6,28.44
177,193484.3,8061.85,0.6,0.6,27.56
178,147526.32,6146.93,0.6,0.6,29.39
179,102277.52,4261.56,0.6,0.6,27.41
180,72686.44,3028.6,0.6,0.6,28.78
181,79459.82,3310.83,0.6,0.6,27.86
182,103522.36,4313.43,0.6,0.6,24.67
183,157752.7,6573.03,0.6,0.6,28.93
184,161217.42,6717.39,0.6,0.6,28.98
185,254546.57,10606.11,0.6,0.6,29.84
186,302275.54,12594.81,0.6,0.6,29.29
187,261069.27,10877.89,0.6,0.6,27.98
188,229157.14,9548.21,0.6,0.6,29.08
189,258423.9,10767.66,0.6,0.6,25.17
190,283629.05,11817.88,0.6,0.6,28.76
191,243250.39,10135.43,0.6,0.6,27.91
192,204933.93,8538.91,0.6,0.6,29.25
193,275589.33,11482.89,0.6,0.6,28.06
194,274431.52,11434.65,0.6,0.6,28.19
195,252428.35,10517.85,0.6,0.6,28.5
196,289565.38,12065.22,0.6,0.6,25.31
197,286048.29,11918.68,0.6,0.6,28.39
198,300513.47,12521.39,0.6,0.6,27.57
199,223719.14,9321.63,0.6,0.6,27.64
200,232534.2,9688.93,0.6,0.6,29.07
201,219856.52,9160.69,0.6,0.6,28.83
202,243260.21,10135.84,0.6,0.6,28.51
203,298713.21,12446.38,0.6,0.6,24.13
204,314913.51,13121.4,0.6,0.6,28.58
205,297137.5,12380.73,0.6,0.6,28.11
206,275209.8,11467.08,0.6,0.6,29.71
207,262333.39,10930.56,0.6,0.6,28.25
208,241571.51,10065.48,0.6,0.6,28.33
209,265575.13,11065.63,0.6,0.6,28.79
210,314048.17,13085.34,0.6,0.6,25.53
211,322292.23,13428.84,0.6,0.6,29.15
212,336234.13,14009.76,0.6,0.6,27.96
213,344695.93,14362.33,0.6,0.6,28.21
214,345528.45,14397.02,0.6,0.6,29.36
215,330253.24,13760.55,0.6,0.6,28.15
216,286353.2,11931.38,0.6,0.6,29.09
217,287025.95,11959.41,0.6,0.6,25.51
218,283828.19,11826.17,0.6,0.6,29.75
219,249074.58,10378.11,0.6,0.6,27.9
220,283698.29,11820.76,0.6,0.6,28.85
221,326785.06,13616.04,0.6,0.6,27.79
222,167994.27,6999.76,0.6,0.6,28.78
223,108100.64,4504.19,0.6,0.6,28.33
224,214346.7,8931.11,0.6,0.6,24.35
225,279572.68,11648.86,0.6,0.6,29.08
226,302069.77,12586.24,0.6,0.6,28.48
227,315949.87,13164.58,0.6,0.6,28.04
228,287271.18,11969.63,0.6,0.6,28.6
229,263508.28,10979.51,0.6,0.6,29.33
230,226997.38,9458.22,0.6,0.6,28.56
231,149434.97,6226.46,0.6,0.6,24.78
232,111520.54,4646.69,0.6,0.6,29.93
233,154419.71,6434.15,0.6,0.6,28.77
234,202324.86,8430.2,0.6,0.6,28.03
235,238433.5,9934.73,0.6,0.6,28.34
236,222148.36,9256.18,0.6,0.6,28.81
237,257067.45,10711.14,0.6,0.6,28.29
238,303401.76,12641.74,0.6,0.6,25.62
239,305568.94,12732.04,0.6,0.6,29.67
240,314098.24,13087.43,0.6,0.6,27.94
241,301558.0,12564.92,0.6,0.6,28.81
242,268520.68,11188.36,0.6,0.6,28.77
243,288381.77,12015.91,0.6,0.6,27.43
244,211986.84,8832.78,0.6,0.6,29.19
245,131103.81,5462.66,0.6,0.6,25.26
246,185854.75,7743.95,0.6,0.6,29.17
247,206256.72,8594.03,0.6,0.6,29.01
248,198278.03,8261.58,0.6,0.6,27.42
249,218560.03,9106.67,0.6,0.6,29.57
250,132733.04,5530.54,0.6,0.6,28.17
251,78717.58,3279.9,0.6,0.6,28.42
252,149813.76,6242.24,0.6,0.6,25.34
253,247862.86,10327.62,0.6,0.6,28.58
254,256204.41,10675.18,0.6,0.6,28.7
255,280835.95,11701.5,0.6,0.6,28.87
256,278121.74,11588.41,0.6,0.6,28.2
257,250214.75,10425.61,0.6,0.6,28.59
258,235060.35,9794.18,0.6,0.6,28.01
259,290686.6,12111.94,0.6,0.6,25.91
260,303887.05,12661.96,0.6,0.6,29.38
261,302888.08,12620.34,0.6,0.6,28.25
262,322631.72,13442.99,0.6,0.6,28.6
263,303377.35,12640.72,0.6,0.6,28.13
264,260612.71,10858.86,0.6,0.6,28.3
265,248122.44,10338.44,0.6,0.6,29.01
266,268337.46,11180.73,0.6,0.6,25.22
267,288269.68,12011.24,0.6,0.6,29.52
268,229260.46,9552.52,0.6,0.6,28.4
269,280111.55,11671.31,0.6,0.6,28.12
270,201640.2,8401.67,0.6,0.6,28.82
271,149351.68,6222.99,0.6,0.6,29.3
272,175277.97,7303.25,0.6,0.6,28.23
273,225850.67,9410.44,0.6,0.6,25.3
274,244874.37,10203.1,0.6,0.6,28.28
275,225537.51,9397.4,0.6,0.6,27.67
276,184627.54,7692.81,0.6,0.6,29.4
277,245937.37,10247.39,0.6,0.6,29.77
278,158649.89,6610.41,0.6,0.6,26.74
279,78444.15,3268.51,0.6,0.6,28.76
280,144894.8,6037.28,0.6,0.6,26.33
281,232485.75,9686.91,0.6,0.6,28.03
282,180104.96,7504.37,0.6,0.6,28.35
283,249813.56,10408.9,0.6,0.6,29.86
284,175848.32,7327.01,0.6,0.6,28.09
285,157723.93,6571.83,0.6,0.6,29.15
286,196961.58,8206.73,0.6,0.6,27.81
287,199402.94,8308.46,0.6,0.6,25.68
288,223822.82,9325.95,0.6,0.6,27.77
289,229328.0,9555.33,0.6,0.6,27.8
290,273226.65,11384.44,0.6,0.6,28.86
291,243372.92,10140.54,0.6,0.6,29.71
292,213628.72,8901.2,0.6,0.6,27.85
293,132863.67,5535.99,0.6,0.6,28.43
294,174013.85,7250.58,0.6,0.6,25.29
295,236721.66,9863.4,0.6,0.6,27.89
296,148192.63,6174.69,0.6,0.6,29.29
297,242362.69,10098.45,0.6,0.6,29.53
298,258082.56,10753.44,0.6,0.6,27.29
299,188780.52,7865.85,0.6,0.6,28.51
300,242406.65,10100.28,0.6,0.6,29.4
301,258669.7,10777.9,0.6,0.6,25.63
302,167175.06,6965.63,0.6,0.6,28.02
303,100422.49,4184.27,0.6,0.6,28.26
304,98170.13,4090.42,0.6,0.6,28.4
305,135539.91,5647.5,0.6,0.6,28.6
306,235618.86,9817.45,0.6,0.6,28.3
307,163573.14,6815.55,0.6,0.6,28.34
308,141756.52,5906.52,0.6,0.6,26.13
309,124020.52,5167.52,0.6,0.6,27.34
310,166680.98,6945.04,0.6,0.6,29.39
311,201598.62,8399.94,0.6,0.6,28.77
312,101328.44,4222.02,0.6,0.6,29.17
313,173377.19,7224.05,0.6,0.6,28.24
314,114299.15,4762.46,0.6,0.6,28.79
315,105374.22,4390.59,0.6,0.6,25.29
316,169423.05,7059.29,0.6,0.6,27.54
317,173977.65,7249.07,0.6,0.6,29.39
318,174320.66,7263.36,0.6,0.6,28.65
319,238063.75,9919.32,0.6,0.6,28.9
320,174539.75,7272.49,0.6,0.6,28.61
321,161775.88,6740.66,0.6,0.6,28.29
322,203667.81,8486.16,0.6,0.6,25.96
323,177892.98,7412.21,0.6,0.6,27.88
324,221799.68,9241.65,0.6,0.6,29.13
325,199364.19,8306.84,0.6,0.6,29.31
326,155951.26,6497.97,0.6,0.6,27.92
327,127720.5,5321.69,0.6,0.6,28.89
328,118150.68,4922.94,0.6,0.6,29.03
329,202482.46,8436.77,0.6,0.6,25.64
330,105983.4,4415.97,0.6,0.6,27.81
331,168012.85,7000.54,0.6,0.6,29.49
332,191493.85,7978.91,0.6,0.6,28.87
333,131137.39,5464.06,0.6,0.6,28.09
334,83602.41,3483.43,0.6,0.6,28.3
335,122719.08,5113.29,0.6,0.6,28.48
336,229412.99,9558.87,0.6,0.6,25.77
337,248310.99,10346.29,0.6,0.6,27.98
338,159575.78,6648.99,0.6,0.6,29.37
339,150220.3,6259.18,0.6,0.6,29.27
340,254117.56,10588.23,0.6,0.6,27.96
341,213420.08,8892.5,0.6,0.6,28.93
342,155032.44,6459.69,0.6,0.6,29.31
343,226269.31,9427.89,0.6,0.6,25.85
344,261317.48,10888.23,0.6,0.6,28.65
345,246392.91,10266.37,0.6,0.6,29.35
346,163706.33,6821.1,0.6,0.6,28.8
347,301317.53,12554.9,0.6,0.6,28.36
348,262019.13,10917.46,0.6,0.6,29.44
349,170192.39,7091.35,0.6,0.6,28.49
350,190504.72,7937.7,0.6,0.6,24.53
351,137063.69,5710.99,0.6,0.6,27.99
352,202469.56,8436.23,0.6,0.6,30.36
353,223941.03,9330.88,0.6,0.6,27.86
354,273723.36,11405.14,0.6,0.6,28.8
355,262175.27,10923.97,0.6,0.6,28.96
356,312991.01,13041.29,0.6,0.6,29.28
357,216265.18,9011.05,0.6,0.6,25.31
358,256445.35,10685.22,0.6,0.6,27.2
359,270616.16,11275.67,0.6,0.6,29.6
360,204608.45,8525.35,0.6,0.6,28.81
361,161811.88,6742.16,0.6,0.6,28.32
362,102710.45,4279.6,0.6,0.6,28.88
363,100467.84,4186.16,0.6,0.6,28.69
364,73571.82,3065.49,0.6,0.6,25.11
365,112800.68,4700.03,0.6,0.6,25.04
