,emissions,emissions,emissions,emissions,qor_achieved,qor_achieved,qor_achieved,qor_achieved,runtime,runtime
,mean,std,min,max,mean,std,min,max,mean,max
hour_of_day,,,,,,,,,,
0,10503.36,2880.97,2100.75,15864.54,0.6,0.0,0.6,0.6,1.21,2.0
1,10451.14,3059.08,2106.29,17337.81,0.6,0.0,0.6,0.6,1.22,1.9
2,9797.33,3163.41,1620.31,16296.14,0.6,0.0,0.6,0.6,1.23,1.86
3,8597.34,3310.51,1603.6,15841.5,0.6,0.0,0.6,0.6,1.23,1.89
4,7517.8,3295.8,1419.15,14721.34,0.6,0.0,0.6,0.6,1.22,1.89
5,6345.15,3357.69,1069.09,15120.54,0.6,0.0,0.6,0.6,1.23,1.96
6,5833.49,3251.27,1023.38,14097.69,0.6,0.0,0.6,0.6,1.24,1.88
7,5736.0,3175.36,984.79,14194.24,0.6,0.0,0.6,0.6,1.23,1.85
8,6038.2,3135.98,1070.46,13969.15,0.6,0.0,0.6,0.6,1.25,1.9
9,6689.49,3135.19,1378.02,14258.21,0.6,0.0,0.6,0.6,1.23,1.91
10,7480.78,3245.32,1393.22,15313.02,0.6,0.0,0.6,0.6,1.24,1.97
11,8300.99,3433.51,1374.73,14693.58,0.6,0.0,0.6,0.6,1.23,1.83
12,8962.56,3618.76,1461.09,15371.67,0.6,0.0,0.6,0.6,1.25,1.9
13,9211.85,3580.09,1521.84,15298.69,0.6,0.0,0.6,0.6,1.22,1.91
14,9472.42,3578.49,1533.83,15800.86,0.6,0.0,0.6,0.6,1.21,1.96
15,9606.62,3567.13,1574.56,16411.47,0.6,0.0,0.6,0.6,1.21,1.81
16,9669.37,3459.01,1540.38,16627.9,0.6,0.0,0.6,0.6,1.2,1.8
17,9700.07,3417.96,1700.54,15828.53,0.6,0.0,0.6,0.6,1.2,1.86
18,9770.29,3310.65,1577.11,15941.53,0.6,0.0,0.6,0.6,1.19,1.85
19,9804.46,3132.52,1636.82,15699.75,0.6,0.0,0.6,0.6,1.17,1.9
20,9996.76,2992.81,1672.31,16061.36,0.6,0.0,0.6,0.6,1.18,1.87
21,10386.32,2982.03,1696.32,16673.3,0.6,0.0,0.6,0.6,1.17,1.87
22,10564.88,2938.12,1784.87,16233.58,0.6,0.0,0.6,0.6,1.17,1.83
23,10571.54,2850.26,2062.62,15747.72,0.6,0.0,0.6,0.6,1.17,1.86
